action,session,entity,date,test
137-130121-1,1,137,130121,False
137-140121-1,1,137,140121,False
137-190121-2,2,137,190121,False
137-310121-8,8,137,310121,False
138-100321-1,1,138,100321,False
138-120321-2,2,138,120321,False
139-100321-2,2,139,100321,False
139-120321-2,2,139,120321,False
139-120321-3,3,139,120321,False
139-160321-2,2,139,160321,False
139-160321-3,3,139,160321,False
139-160321-4,4,139,160321,False
139-170321-4,4,139,170321,False
139-180321-2,2,139,180321,False
139-180321-3,3,139,180321,False
142-190521-3,3,142,190521,False
142-200521-2,2,142,200521,False
142-210521-3,3,142,210521,False
142-210521-4,4,142,210521,False
142-210521-5,5,142,210521,False
142-210521-7,7,142,210521,False
142-210521-8,8,142,210521,False
